year,basis_rate,source
1900,4.151610,jst_deu_ltrate_affine_proxy
1901,4.124033,jst_deu_ltrate_affine_proxy
1902,4.004530,jst_deu_ltrate_affine_proxy
1903,4.013722,jst_deu_ltrate_affine_proxy
1904,4.050492,jst_deu_ltrate_affine_proxy
1905,4.050492,jst_deu_ltrate_affine_proxy
1906,4.105648,jst_deu_ltrate_affine_proxy
1907,4.215958,jst_deu_ltrate_affine_proxy
1908,4.261921,jst_deu_ltrate_affine_proxy
1909,4.169995,jst_deu_ltrate_affine_proxy
1910,4.225150,jst_deu_ltrate_affine_proxy
1911,4.252728,jst_deu_ltrate_affine_proxy
1912,4.363038,jst_deu_ltrate_affine_proxy
1913,4.528504,jst_deu_ltrate_affine_proxy
1914,4.579063,jst_deu_ltrate_affine_proxy
1915,6.123409,jst_deu_ltrate_affine_proxy
1916,6.796302,jst_deu_ltrate_affine_proxy
1917,6.256700,jst_deu_ltrate_affine_proxy
1918,6.256700,jst_deu_ltrate_affine_proxy
1919,6.646464,jst_deu_ltrate_affine_proxy
1920,6.264054,jst_deu_ltrate_affine_proxy
1921,6.009421,jst_deu_ltrate_affine_proxy
1922,6.704683,jst_deu_ltrate_interpolated_affine_proxy
1923,7.399945,jst_deu_ltrate_interpolated_affine_proxy
1924,8.095207,jst_deu_ltrate_affine_proxy
1925,8.040052,jst_deu_ltrate_affine_proxy
1926,5.806266,jst_deu_ltrate_affine_proxy
1927,6.311855,jst_deu_ltrate_affine_proxy
1928,6.523284,jst_deu_ltrate_affine_proxy
1929,6.725519,jst_deu_ltrate_affine_proxy
1930,6.449743,jst_deu_ltrate_affine_proxy
1931,6.412973,jst_deu_ltrate_affine_proxy
1932,7.479307,jst_deu_ltrate_affine_proxy
1933,6.890985,jst_deu_ltrate_affine_proxy
1934,6.587631,jst_deu_ltrate_affine_proxy
1935,5.089249,jst_deu_ltrate_affine_proxy
1936,5.034093,jst_deu_ltrate_affine_proxy
1937,4.905398,jst_deu_ltrate_affine_proxy
1938,4.942168,jst_deu_ltrate_affine_proxy
1939,4.942168,jst_deu_ltrate_affine_proxy
1940,4.822665,jst_deu_ltrate_affine_proxy
1941,4.767510,jst_deu_ltrate_affine_proxy
1942,4.767510,jst_deu_ltrate_affine_proxy
1943,4.638814,jst_deu_ltrate_affine_proxy
1944,4.886204,jst_deu_ltrate_interpolated_affine_proxy
1945,5.133593,jst_deu_ltrate_interpolated_affine_proxy
1946,5.380983,jst_deu_ltrate_interpolated_affine_proxy
1947,5.628372,jst_deu_ltrate_interpolated_affine_proxy
1948,5.875762,jst_deu_ltrate_affine_proxy
1949,5.446930,jst_deu_ltrate_affine_proxy
1950,5.619014,jst_deu_ltrate_affine_proxy
1951,5.657715,jst_deu_ltrate_affine_proxy
1952,5.135211,jst_deu_ltrate_affine_proxy
1953,5.596768,jst_deu_ltrate_affine_proxy
1954,5.386719,jst_deu_ltrate_affine_proxy
1955,5.343054,jst_deu_ltrate_affine_proxy
1956,7.101034,jst_deu_ltrate_affine_proxy
1957,7.651667,jst_deu_ltrate_affine_proxy
1958,7.009262,jst_deu_ltrate_affine_proxy
1959,6.091541,jst_deu_ltrate_affine_proxy
1960,6.642174,jst_deu_ltrate_affine_proxy
1961,6.183313,jst_deu_ltrate_affine_proxy
1962,6.183313,jst_deu_ltrate_affine_proxy
1963,6.366857,jst_deu_ltrate_affine_proxy
1964,6.458630,jst_deu_ltrate_affine_proxy
1965,7.284579,jst_deu_ltrate_affine_proxy
1966,8.202300,jst_deu_ltrate_affine_proxy
1967,7.192806,jst_deu_ltrate_affine_proxy
1968,6.733946,jst_deu_ltrate_affine_proxy
1969,7.009262,jst_deu_ltrate_affine_proxy
1970,8.385844,jst_deu_ltrate_affine_proxy
1971,8.110528,jst_deu_ltrate_affine_proxy
1972,8.018756,jst_deu_ltrate_affine_proxy
1973,9.303565,jst_deu_ltrate_affine_proxy
1974,10.313059,jst_deu_ltrate_affine_proxy
1975,8.569388,jst_deu_ltrate_affine_proxy
1976,7.926983,jst_deu_ltrate_affine_proxy
1977,6.458630,jst_deu_ltrate_affine_proxy
1978,6.091541,jst_deu_ltrate_affine_proxy
1979,7.559895,jst_deu_ltrate_affine_proxy
1980,8.569388,jst_deu_ltrate_affine_proxy
1981,10.060877,jst_deu_ltrate_affine_proxy
1982,9.009864,jst_deu_ltrate_affine_proxy
1983,8.139637,jst_deu_ltrate_affine_proxy
1984,8.076056,jst_deu_ltrate_affine_proxy
1985,7.155270,jst_deu_ltrate_affine_proxy
1986,6.186990,jst_deu_ltrate_affine_proxy
1987,6.413739,jst_deu_ltrate_affine_proxy
1988,6.733946,jst_deu_ltrate_affine_proxy
1989,7.110074,jst_deu_ltrate_affine_proxy
1990,8.770092,jst_deu_ltrate_affine_proxy
1991,8.544109,jst_deu_ltrate_affine_proxy
1992,7.982598,jst_deu_ltrate_affine_proxy
1993,6.753863,jst_deu_ltrate_affine_proxy
1994,7.080964,jst_deu_ltrate_affine_proxy
1995,7.065643,jst_deu_ltrate_affine_proxy
1996,6.482683,jst_deu_ltrate_affine_proxy
1997,5.954113,jst_deu_ltrate_affine_proxy
1998,5.670000,bundesbank_15y_par_yield
1999,4.280000,bundesbank_15y_par_yield
2000,5.630000,bundesbank_15y_par_yield
2001,5.050000,bundesbank_15y_par_yield
2002,5.170000,bundesbank_15y_par_yield
2003,4.630000,bundesbank_15y_par_yield
2004,4.660000,bundesbank_15y_par_yield
2005,4.020000,bundesbank_15y_par_yield
2006,3.510000,bundesbank_15y_par_yield
2007,4.020000,bundesbank_15y_par_yield
2008,4.580000,bundesbank_15y_par_yield
2009,3.610000,bundesbank_15y_par_yield
2010,3.980000,bundesbank_15y_par_yield
2011,3.430000,bundesbank_15y_par_yield
2012,2.440000,bundesbank_15y_par_yield
2013,2.040000,bundesbank_15y_par_yield
2014,2.590000,bundesbank_15y_par_yield
2015,0.990000,bundesbank_15y_par_yield
2016,1.100000,bundesbank_15y_par_yield
2017,0.590000,bundesbank_15y_par_yield
2018,0.870000,bundesbank_15y_par_yield
2019,0.520000,bundesbank_15y_par_yield
2020,0.070000,bundesbank_15y_par_yield
2021,-0.450000,bundesbank_15y_par_yield
2022,-0.050000,bundesbank_15y_par_yield
2023,2.550000,bundesbank_15y_par_yield
2024,2.290000,bundesbank_15y_par_yield
2025,2.530000,bundesbank_15y_par_yield
2026,3.200000,bundesbank_15y_par_yield
