target_year,donor_year,target_annual_return,donor_annual_return,log_shift,compounded_synthetic_return,seed
1900,2008,0.11491535044799006,-0.37287490524814726,0.04794897735315351,0.11491535044799006,jst-kz-msci-world-eur-v1
1901,1998,0.08237155939157703,0.17600759853171932,-0.006914232397457992,0.08237155939157703,jst-kz-msci-world-eur-v1
1902,2005,0.05273932025195305,0.26413772128195356,-0.015249550259221046,0.05273932025195305,jst-kz-msci-world-eur-v1
1903,1977,-0.08315437929405334,-0.09126274847452354,0.0007402587800608117,-0.08315437929405334,jst-kz-msci-world-eur-v1
1904,1989,0.18796515250029633,0.18347075144314218,0.00031587096175195406,0.18796515250029633,jst-kz-msci-world-eur-v1
1905,1992,0.19709489593730578,-0.003696138323176612,0.015300057291445889,0.19709489593730578,jst-kz-msci-world-eur-v1
1906,1986,0.11541674694950532,0.18628653108119764,-0.005133313894988208,0.11541674694950532,jst-kz-msci-world-eur-v1
1907,2008,-0.1913134297520891,-0.37287490524814726,0.021188781623067574,-0.1913134297520891,jst-kz-msci-world-eur-v1
1908,1988,0.2459256573336286,0.3171839306890252,-0.004634776526945622,0.2459256573336286,jst-kz-msci-world-eur-v1
1909,1991,0.21301394243964,0.2455954567201044,-0.002208797499394575,0.21301394243964,jst-kz-msci-world-eur-v1
1910,1991,-0.028585440510358273,0.2455954567201044,-0.020717971258339487,-0.028585440510358273,jst-kz-msci-world-eur-v1
1911,2001,0.05482010470622356,-0.12180479715625492,0.01527138490657267,0.05482010470622356,jst-kz-msci-world-eur-v1
1912,2025,0.058313457973690586,0.07067775578569035,-0.0009679417449580448,0.058313457973690586,jst-kz-msci-world-eur-v1
1913,2004,-0.057445898634808534,0.06374332418725581,-0.010079673706626123,-0.057445898634808534,jst-kz-msci-world-eur-v1
1914,1987,-0.02568990809891092,-0.041331602208083185,0.001348698878945936,-0.02568990809891092,jst-kz-msci-world-eur-v1
1915,1981,0.42546124582935385,0.13624800989464014,0.018896985632560932,0.42546124582935385,jst-kz-msci-world-eur-v1
1916,1985,0.327432121470562,0.1580369242053148,0.011376672949526155,0.327432121470562,jst-kz-msci-world-eur-v1
1917,1978,0.16858832246184097,0.018278919818603967,0.011473549141235205,0.16858832246184097,jst-kz-msci-world-eur-v1
1918,1990,0.2030402524540762,-0.29293024853587446,0.04428982134010196,0.2030402524540762,jst-kz-msci-world-eur-v1
1919,1999,0.21785760403168686,0.46200917229382976,-0.015226531859621278,0.21785760403168686,jst-kz-msci-world-eur-v1
1920,1970,0.5939039804427821,-0.030850000000000155,0.04146018506227427,0.5939039804427821,jst-kz-msci-world-eur-v1
1921,2023,0.5984386823287886,0.19485397038144003,0.024250279323059242,0.5984386823287886,jst-kz-msci-world-eur-v1
1922,1991,14.439251108334833,0.2455954567201044,0.2097749455005085,14.439251108334835,jst-kz-msci-world-eur-v1
1923,2002,1262778661.541686,-0.326743738255478,1.7793508053437839,1262778661.541686,jst-kz-msci-world-eur-v1
1924,1981,8.78992104769049,0.13624800989464014,0.1794684814068718,8.78992104769049,jst-kz-msci-world-eur-v1
1925,2011,0.3195501860464811,-0.024522660771280513,0.025176604955810995,0.3195501860464811,jst-kz-msci-world-eur-v1
1926,1990,0.14278997674836225,-0.29293024853587446,0.04000821501159801,0.14278997674836225,jst-kz-msci-world-eur-v1
1927,1975,0.3732524538036759,0.4209471724365894,-0.002845140999775365,0.3732524538036759,jst-kz-msci-world-eur-v1
1928,2023,0.38579955649032294,0.19485397038144003,0.012354441064466669,0.38579955649032316,jst-kz-msci-world-eur-v1
1929,2009,-0.04689877677841969,0.25575937449017005,-0.02298121954148563,-0.04689877677841958,jst-kz-msci-world-eur-v1
1930,2005,-0.22285085705230478,0.26413772128195356,-0.0405427705306733,-0.22285085705230478,jst-kz-msci-world-eur-v1
1931,1983,-0.3633725360881973,0.41451406801147384,-0.06652972339958105,-0.3633725360881973,jst-kz-msci-world-eur-v1
1932,2024,-0.08624237833513859,0.2622134428997027,-0.026921400612754772,-0.08624237833513859,jst-kz-msci-world-eur-v1
1933,2016,0.5471251483081732,0.11039444380970465,0.02764026322952831,0.5471251483081732,jst-kz-msci-world-eur-v1
1934,2002,0.10675313134599573,-0.326743738255478,0.041421655708716,0.10675313134599573,jst-kz-msci-world-eur-v1
1935,2025,0.2774248544452651,0.07067775578569035,0.014712862870104848,0.2774248544452649,jst-kz-msci-world-eur-v1
1936,2015,0.2785121684427809,0.10546743100412881,0.012119064453804873,0.2785121684427809,jst-kz-msci-world-eur-v1
1937,2007,-0.2559485237003778,-0.024525426585817356,-0.022567822793852787,-0.2559485237003778,jst-kz-msci-world-eur-v1
1938,1997,0.09127138049199135,0.29360554551930096,-0.014174157959914358,0.09127138049199135,jst-kz-msci-world-eur-v1
1939,2004,0.011908384381757786,0.06374332418725581,-0.004163007304240007,0.011908384381757786,jst-kz-msci-world-eur-v1
1940,1981,-0.047575177408218816,0.13624800989464014,-0.014706309712426388,-0.047575177408218816,jst-kz-msci-world-eur-v1
1941,1996,0.013459138693241668,0.16492766455253216,-0.011607468792237584,0.013459138693241668,jst-kz-msci-world-eur-v1
1942,1977,0.04485088208255794,-0.09126274847452354,0.011631121456536567,0.04485088208255794,jst-kz-msci-world-eur-v1
1943,1992,0.11748779273428411,-0.003696138323176612,0.009565509136580035,0.11748779273428411,jst-kz-msci-world-eur-v1
1944,1989,0.148869068042502,0.18347075144314218,-0.0024727830540947787,0.148869068042502,jst-kz-msci-world-eur-v1
1945,2016,0.2586931112844606,0.11039444380970465,0.010446555202913694,0.2586931112844606,jst-kz-msci-world-eur-v1
1946,2019,-0.13261962019092222,0.3012482757242294,-0.03380014026943588,-0.13261962019092222,jst-kz-msci-world-eur-v1
1947,1974,-0.07352053643631029,-0.3128364679027009,0.02490163149900652,-0.07352053643631029,jst-kz-msci-world-eur-v1
1948,1987,0.14864415871410652,-0.041331602208083185,0.015066024786815289,0.14864415871410652,jst-kz-msci-world-eur-v1
1949,1986,0.16469643587067173,0.18628653108119764,-0.0015306152420440204,0.16469643587067173,jst-kz-msci-world-eur-v1
1950,1989,0.16999480430963243,0.18347075144314218,-0.0009543440015163616,0.16999480430963243,jst-kz-msci-world-eur-v1
1951,1983,0.24118238734983732,0.41451406801147384,-0.010893466150699168,0.24118238734983732,jst-kz-msci-world-eur-v1
1952,2018,0.14630451130116695,-0.04382268824231117,0.015112934186880868,0.14630451130116695,jst-kz-msci-world-eur-v1
1953,1980,0.02515594143123767,0.38929185751498063,-0.025329118608403773,0.02515594143123767,jst-kz-msci-world-eur-v1
1954,2014,0.45540467121772243,0.19198069429703524,0.016638967837482508,0.45540467121772243,jst-kz-msci-world-eur-v1
1955,1980,0.31838541170302004,0.38929185751498063,-0.004365528945141195,0.31838541170302004,jst-kz-msci-world-eur-v1
1956,2000,0.07312820152540445,-0.06264343985361875,0.011272455948836852,0.07312820152540445,jst-kz-msci-world-eur-v1
1957,2010,-0.09542320983635477,0.20495592534694196,-0.02389425580283744,-0.09542320983635488,jst-kz-msci-world-eur-v1
1958,1996,0.33205754751735084,0.16492766455253216,0.011172148370806085,0.33205754751735084,jst-kz-msci-world-eur-v1
1959,1997,0.19778919313569632,0.29360554551930096,-0.006412983134489421,0.1977891931356961,jst-kz-msci-world-eur-v1
1960,2012,0.015049601903774912,0.13587391807936444,-0.009372070530230476,0.015049601903774912,jst-kz-msci-world-eur-v1
1961,2000,0.24279238388725255,-0.06264343985361875,0.023504358806965817,0.24279238388725255,jst-kz-msci-world-eur-v1
1962,1973,-0.07486154561705693,-0.2958033095887822,0.022740474983398096,-0.07486154561705705,jst-kz-msci-world-eur-v1
1963,1991,0.20603705035718,0.2455954567201044,-0.002689489545476422,0.20603705035718,jst-kz-msci-world-eur-v1
1964,1998,0.13037986637979992,0.17600759853171932,-0.00329763080172538,0.13037986637979992,jst-kz-msci-world-eur-v1
1965,2003,0.11712014871520648,0.10521691593588223,0.0008927048616083783,0.11712014871520648,jst-kz-msci-world-eur-v1
1966,1996,-0.06567678558886136,0.16492766455253216,-0.01838265343499158,-0.06567678558886136,jst-kz-msci-world-eur-v1
1967,1974,0.17714499370183656,-0.3128364679027009,0.04485624891678227,0.17714499370183656,jst-kz-msci-world-eur-v1
1968,1972,0.15898276251579868,0.1986033402615779,-0.002801192026259986,0.15898276251579868,jst-kz-msci-world-eur-v1
1969,2012,-0.09243269804612508,0.13587391807936444,-0.01869915668279442,-0.09243269804612508,jst-kz-msci-world-eur-v1
